{"cameraMode":{"drawMode":0,"name":"Shaded","section":"Shading Mode"},"sceneLighting":false,"audioPlay":false,"sceneViewState":{"m_AlwaysRefresh":false,"showFog":true,"showSkybox":false,"showFlares":true,"showImageEffects":true,"showParticleSystems":true,"showVisualEffectGraphs":true,"m_FxEnabled":true},"in2DMode":false,"pivot":{"x":0.02675032615661621,"y":1.4721667766571046,"z":0.49023133516311648},"rotation":{"x":0.07634256780147553,"y":-0.9127015471458435,"z":0.2002679854631424,"w":0.34792038798332217},"size":2.400171995162964,"orthographic":false}