{"cameraMode":{"drawMode":0,"name":"Shaded","section":"Shading Mode"},"sceneLighting":false,"audioPlay":false,"sceneViewState":{"m_AlwaysRefresh":false,"showFog":true,"showSkybox":false,"showFlares":true,"showImageEffects":true,"showParticleSystems":true,"showVisualEffectGraphs":true,"m_FxEnabled":true},"in2DMode":false,"pivot":{"x":0.02675032615661621,"y":1.4721667766571046,"z":0.49023133516311648},"rotation":{"x":0.28973084688186648,"y":-0.37572675943374636,"z":0.12492895126342774,"w":0.8713712096214294},"size":2.400171995162964,"orthographic":true}