{"cameraMode":{"drawMode":0,"name":"Shaded","section":"Shading Mode"},"sceneLighting":false,"audioPlay":false,"sceneViewState":{"m_AlwaysRefresh":false,"showFog":true,"showSkybox":false,"showFlares":true,"showImageEffects":true,"showParticleSystems":true,"showVisualEffectGraphs":true,"m_FxEnabled":true},"in2DMode":false,"pivot":{"x":0.06423431634902954,"y":0.9002795815467835,"z":0.0010890662670135499},"rotation":{"x":-0.035117968916893008,"y":0.9559839367866516,"z":-0.12838751077651978,"w":-0.26149117946624758},"size":1.9946916103363038,"orthographic":true}