{"cameraMode":{"drawMode":0,"name":"Shaded","section":"Shading Mode"},"sceneLighting":false,"audioPlay":false,"sceneViewState":{"m_AlwaysRefresh":false,"showFog":true,"showSkybox":false,"showFlares":true,"showImageEffects":true,"showParticleSystems":true,"showVisualEffectGraphs":true,"m_FxEnabled":true},"in2DMode":false,"pivot":{"x":-0.7763767242431641,"y":11.791791915893555,"z":0.12776660919189454},"rotation":{"x":0.016767185181379319,"y":-0.9818871021270752,"z":0.1049681082367897,"w":0.1568431407213211},"size":13.973718643188477,"orthographic":false}