{"cameraMode":{"drawMode":0,"name":"Shaded","section":"Shading Mode"},"sceneLighting":false,"audioPlay":false,"sceneViewState":{"m_AlwaysRefresh":false,"showFog":true,"showSkybox":false,"showFlares":true,"showImageEffects":true,"showParticleSystems":true,"showVisualEffectGraphs":true,"m_FxEnabled":true},"in2DMode":false,"pivot":{"x":-0.0010529309511184693,"y":0.6007763147354126,"z":0.03408053517341614},"rotation":{"x":-0.035239122807979587,"y":0.9590005278587341,"z":-0.13789334893226624,"w":-0.2450760155916214},"size":2.2475483417510988,"orthographic":false}