{"cameraMode":{"drawMode":0,"name":"Shaded","section":"Shading Mode"},"sceneLighting":false,"audioPlay":false,"sceneViewState":{"m_AlwaysRefresh":false,"showFog":true,"showSkybox":false,"showFlares":true,"showImageEffects":true,"showParticleSystems":true,"showVisualEffectGraphs":true,"m_FxEnabled":true},"in2DMode":false,"pivot":{"x":20.353017807006837,"y":2.5920372009277345,"z":-1.626119613647461},"rotation":{"x":-0.0054185884073376659,"y":-0.9649166464805603,"z":0.26175615191459658,"w":-0.01998072862625122},"size":104.38996887207031,"orthographic":false}