{"cameraMode":{"drawMode":0,"name":"Shaded","section":"Shading Mode"},"sceneLighting":false,"audioPlay":false,"sceneViewState":{"m_AlwaysRefresh":false,"showFog":true,"showSkybox":false,"showFlares":true,"showImageEffects":true,"showParticleSystems":true,"showVisualEffectGraphs":true,"m_FxEnabled":true},"in2DMode":false,"pivot":{"x":9.637932777404786,"y":5.143254280090332,"z":20.762239456176759},"rotation":{"x":0.03337443247437477,"y":-0.9213404059410095,"z":0.37872153520584109,"w":0.08119335770606995},"size":51.865055084228519,"orthographic":false}