{"cameraMode":{"drawMode":0,"name":"Shaded","section":"Shading Mode"},"sceneLighting":false,"audioPlay":false,"sceneViewState":{"m_AlwaysRefresh":false,"showFog":true,"showSkybox":false,"showFlares":true,"showImageEffects":true,"showParticleSystems":true,"showVisualEffectGraphs":true,"m_FxEnabled":true},"in2DMode":false,"pivot":{"x":30.514183044433595,"y":-6.58843994140625,"z":-31.747180938720704},"rotation":{"x":0.027218230068683625,"y":-0.9719855189323425,"z":0.14391998946666718,"w":0.18380774557590486},"size":84.95565032958985,"orthographic":false}