{"cameraMode":{"drawMode":0,"name":"Shaded","section":"Shading Mode"},"sceneLighting":false,"audioPlay":false,"sceneViewState":{"m_AlwaysRefresh":false,"showFog":true,"showSkybox":false,"showFlares":true,"showImageEffects":true,"showParticleSystems":true,"showVisualEffectGraphs":true,"m_FxEnabled":true},"in2DMode":false,"pivot":{"x":-0.1571202278137207,"y":2.701335906982422,"z":-0.35123682022094729},"rotation":{"x":0.03825675696134567,"y":-0.9383131861686707,"z":0.11028639227151871,"w":0.3254874348640442},"size":6.839993000030518,"orthographic":false}