{"cameraMode":{"drawMode":0,"name":"Shaded","section":"Shading Mode"},"sceneLighting":false,"audioPlay":false,"sceneViewState":{"m_AlwaysRefresh":false,"showFog":true,"showSkybox":false,"showFlares":true,"showImageEffects":true,"showParticleSystems":true,"showVisualEffectGraphs":true,"m_FxEnabled":true},"in2DMode":false,"pivot":{"x":-0.04128885269165039,"y":3.351278781890869,"z":0.30820798873901369},"rotation":{"x":0.030849717557430269,"y":-0.9689499139785767,"z":0.18323294818401338,"w":0.163132444024086},"size":7.004857063293457,"orthographic":false}