{"cameraMode":{"drawMode":0,"name":"Shaded","section":"Shading Mode"},"sceneLighting":false,"audioPlay":false,"sceneViewState":{"m_AlwaysRefresh":false,"showFog":true,"showSkybox":false,"showFlares":true,"showImageEffects":true,"showParticleSystems":true,"showVisualEffectGraphs":true,"m_FxEnabled":true},"in2DMode":false,"pivot":{"x":0.2598915100097656,"y":9.165241241455079,"z":0.08170533180236817},"rotation":{"x":-0.29003793001174929,"y":-0.5608121156692505,"z":0.21861495077610017,"w":-0.7440362572669983},"size":6.363921165466309,"orthographic":true}