{"cameraMode":{"drawMode":0,"name":"Shaded","section":"Shading Mode"},"sceneLighting":false,"audioPlay":false,"sceneViewState":{"m_AlwaysRefresh":false,"showFog":true,"showSkybox":false,"showFlares":true,"showImageEffects":true,"showParticleSystems":true,"showVisualEffectGraphs":true,"m_FxEnabled":true},"in2DMode":false,"pivot":{"x":-0.2120107263326645,"y":0.6977501511573792,"z":0.11509394645690918},"rotation":{"x":0.02148909494280815,"y":-0.9773645997047424,"z":0.17089101672172547,"w":0.12290424853563309},"size":0.8321434855461121,"orthographic":false}