{"cameraMode":{"drawMode":0,"name":"Shaded","section":"Shading Mode"},"sceneLighting":true,"audioPlay":false,"sceneViewState":{"m_AlwaysRefresh":false,"showFog":true,"showSkybox":true,"showFlares":true,"showImageEffects":true,"showParticleSystems":true,"showVisualEffectGraphs":true,"m_FxEnabled":true},"in2DMode":false,"pivot":{"x":-46.16080093383789,"y":8.850862503051758,"z":12.807945251464844},"rotation":{"x":0.13382914662361146,"y":-0.5910786986351013,"z":0.10024737566709519,"w":0.7890969514846802},"size":31.118619918823243,"orthographic":true}