{"cameraMode":{"drawMode":0,"name":"Shaded","section":"Shading Mode"},"sceneLighting":true,"audioPlay":false,"sceneViewState":{"m_AlwaysRefresh":false,"showFog":true,"showSkybox":true,"showFlares":true,"showImageEffects":true,"showParticleSystems":true,"showVisualEffectGraphs":true,"m_FxEnabled":true},"in2DMode":false,"pivot":{"x":-0.39172405004501345,"y":0.7900885343551636,"z":0.5921159982681274},"rotation":{"x":0.0019322840962558985,"y":-0.9687675833702087,"z":-0.007557556964457035,"w":-0.24788427352905274},"size":0.9309732913970947,"orthographic":true}