{"cameraMode":{"drawMode":0,"name":"Shaded","section":"Shading Mode"},"sceneLighting":true,"audioPlay":false,"sceneViewState":{"m_AlwaysRefresh":false,"showFog":true,"showSkybox":true,"showFlares":true,"showImageEffects":true,"showParticleSystems":true,"showVisualEffectGraphs":true,"m_FxEnabled":true},"in2DMode":false,"pivot":{"x":-0.41262519359588625,"y":0.2893480658531189,"z":0.5794064998626709},"rotation":{"x":0.028197700157761575,"y":-0.7170469164848328,"z":0.029056303203105928,"w":0.6958521008491516},"size":0.8516813516616821,"orthographic":true}