{"cameraMode":{"drawMode":0,"name":"Shaded","section":"Shading Mode"},"sceneLighting":true,"audioPlay":false,"sceneViewState":{"m_AlwaysRefresh":false,"showFog":true,"showSkybox":true,"showFlares":true,"showImageEffects":true,"showParticleSystems":true,"showVisualEffectGraphs":true,"m_FxEnabled":true},"in2DMode":false,"pivot":{"x":-4.756778240203857,"y":3.1048660278320314,"z":2.0271146297454836},"rotation":{"x":0.3333776593208313,"y":-0.008484981022775174,"z":0.0030004754662513735,"w":0.9427508115768433},"size":3.6704323291778566,"orthographic":true}