{"cameraMode":{"drawMode":0,"name":"Shaded","section":"Shading Mode"},"sceneLighting":true,"audioPlay":false,"sceneViewState":{"m_AlwaysRefresh":false,"showFog":true,"showSkybox":true,"showFlares":true,"showImageEffects":true,"showParticleSystems":true,"showVisualEffectGraphs":true,"m_FxEnabled":true},"in2DMode":false,"pivot":{"x":-0.004676529206335545,"y":0.4816156327724457,"z":0.020994335412979127},"rotation":{"x":-0.03446055203676224,"y":0.9457064270973206,"z":-0.10684313625097275,"w":-0.3050226867198944},"size":0.95522540807724,"orthographic":false}