{"cameraMode":{"drawMode":0,"name":"Shaded","section":"Shading Mode"},"sceneLighting":true,"audioPlay":false,"sceneViewState":{"m_AlwaysRefresh":false,"showFog":true,"showSkybox":true,"showFlares":true,"showImageEffects":true,"showParticleSystems":true,"showVisualEffectGraphs":true,"m_FxEnabled":true},"in2DMode":false,"pivot":{"x":1.0903737545013428,"y":-1.7652430534362794,"z":-1.4895963668823243},"rotation":{"x":-0.028006048873066903,"y":-0.9699936509132385,"z":0.13619861006736756,"w":-0.19946233928203584},"size":4.047548294067383,"orthographic":false}