{"cameraMode":{"drawMode":0,"name":"Shaded","section":"Shading Mode"},"sceneLighting":true,"audioPlay":false,"sceneViewState":{"m_AlwaysRefresh":false,"showFog":true,"showSkybox":true,"showFlares":true,"showImageEffects":true,"showParticleSystems":true,"showVisualEffectGraphs":true,"m_FxEnabled":true},"in2DMode":false,"pivot":{"x":-0.41830962896347048,"y":1.1042215824127198,"z":-0.06310383975505829},"rotation":{"x":-0.019359413534402849,"y":0.919154167175293,"z":-0.3907809257507324,"w":-0.045535359531641009},"size":5.327262878417969,"orthographic":false}