{"cameraMode":{"drawMode":0,"name":"Shaded","section":"Shading Mode"},"sceneLighting":true,"audioPlay":false,"sceneViewState":{"m_AlwaysRefresh":false,"showFog":true,"showSkybox":true,"showFlares":true,"showImageEffects":true,"showParticleSystems":true,"showVisualEffectGraphs":true,"m_FxEnabled":true},"in2DMode":false,"pivot":{"x":-0.1224476769566536,"y":0.027980193495750428,"z":0.7310144305229187},"rotation":{"x":0.024021916091442109,"y":0.7172067761421204,"z":-0.024753443896770479,"w":0.696007490158081},"size":0.3495549261569977,"orthographic":true}