{"cameraMode":{"drawMode":0,"name":"Shaded","section":"Shading Mode"},"sceneLighting":true,"audioPlay":false,"sceneViewState":{"m_AlwaysRefresh":false,"showFog":true,"showSkybox":true,"showFlares":true,"showImageEffects":true,"showParticleSystems":true,"showVisualEffectGraphs":true,"m_FxEnabled":true},"in2DMode":false,"pivot":{"x":-0.12719255685806275,"y":0.0335024893283844,"z":0.852451503276825},"rotation":{"x":-0.003129010321572423,"y":0.7186707854270935,"z":0.003234061412513256,"w":0.695337176322937},"size":0.30627620220184328,"orthographic":true}