{"cameraMode":{"drawMode":0,"name":"Shaded","section":"Shading Mode"},"sceneLighting":true,"audioPlay":false,"sceneViewState":{"m_AlwaysRefresh":false,"showFog":true,"showSkybox":true,"showFlares":true,"showImageEffects":true,"showParticleSystems":true,"showVisualEffectGraphs":true,"m_FxEnabled":true},"in2DMode":false,"pivot":{"x":143.39041137695313,"y":407.12188720703127,"z":438.6920166015625},"rotation":{"x":0.11548210680484772,"y":-0.03249182552099228,"z":0.0037697439547628166,"w":0.9928085207939148},"size":393.8619689941406,"orthographic":false}