{"cameraMode":{"drawMode":0,"name":"Shaded","section":"Shading Mode"},"sceneLighting":true,"audioPlay":false,"sceneViewState":{"m_AlwaysRefresh":false,"showFog":true,"showSkybox":true,"showFlares":true,"showImageEffects":true,"showParticleSystems":true,"showVisualEffectGraphs":true,"m_FxEnabled":true},"in2DMode":false,"pivot":{"x":-169.26358032226563,"y":332.7897644042969,"z":104.90936279296875},"rotation":{"x":0.19833514094352723,"y":-0.11233832687139511,"z":0.022892620414495469,"w":0.9734207391738892},"size":474.2831115722656,"orthographic":true}