{"cameraMode":{"drawMode":0,"name":"Shaded","section":"Shading Mode"},"sceneLighting":true,"audioPlay":false,"sceneViewState":{"m_AlwaysRefresh":false,"showFog":true,"showSkybox":true,"showFlares":true,"showImageEffects":true,"showParticleSystems":true,"showVisualEffectGraphs":true,"m_FxEnabled":true},"in2DMode":false,"pivot":{"x":-0.17710091173648835,"y":0.6041206121444702,"z":0.051387637853622439},"rotation":{"x":0.055934496223926547,"y":0.9205067157745361,"z":-0.14336082339286805,"w":0.35915055871009829},"size":1.0505244731903077,"orthographic":false}