{"cameraMode":{"drawMode":0,"name":"Shaded","section":"Shading Mode"},"sceneLighting":true,"audioPlay":false,"sceneViewState":{"m_AlwaysRefresh":false,"showFog":true,"showSkybox":true,"showFlares":true,"showImageEffects":true,"showParticleSystems":true,"showVisualEffectGraphs":true,"m_FxEnabled":true},"in2DMode":false,"pivot":{"x":-0.05330044776201248,"y":0.0434110090136528,"z":0.8520503044128418},"rotation":{"x":0.09822502732276917,"y":0.739607036113739,"z":-0.1106458455324173,"w":0.6565778255462647},"size":0.630760133266449,"orthographic":true}