{"cameraMode":{"drawMode":0,"name":"Shaded","section":"Shading Mode"},"sceneLighting":true,"audioPlay":false,"sceneViewState":{"m_AlwaysRefresh":false,"showFog":true,"showSkybox":true,"showFlares":true,"showImageEffects":true,"showParticleSystems":true,"showVisualEffectGraphs":true,"m_FxEnabled":true},"in2DMode":false,"pivot":{"x":0.15330320596694947,"y":1.317305088043213,"z":0.4782388210296631},"rotation":{"x":-0.13591253757476808,"y":0.8436562418937683,"z":-0.25267723202705386,"w":-0.45379671454429629},"size":3.3702194690704347,"orthographic":false}