{"cameraMode":{"drawMode":0,"name":"Shaded","section":"Shading Mode"},"sceneLighting":true,"audioPlay":false,"sceneViewState":{"m_AlwaysRefresh":false,"showFog":true,"showSkybox":true,"showFlares":true,"showImageEffects":true,"showParticleSystems":true,"showVisualEffectGraphs":true,"m_FxEnabled":true},"in2DMode":false,"pivot":{"x":0.08518879860639572,"y":0.43787944316864016,"z":0.17343536019325257},"rotation":{"x":-0.048834044486284259,"y":0.7448238730430603,"z":-0.05484326556324959,"w":-0.6632105708122253},"size":0.3839309811592102,"orthographic":true}