{"cameraMode":{"drawMode":0,"name":"Shaded","section":"Shading Mode"},"sceneLighting":true,"audioPlay":false,"sceneViewState":{"m_AlwaysRefresh":false,"showFog":true,"showSkybox":true,"showFlares":true,"showImageEffects":true,"showParticleSystems":true,"showVisualEffectGraphs":true,"m_FxEnabled":true},"in2DMode":false,"pivot":{"x":84.58609771728516,"y":153.18023681640626,"z":-35.67875671386719},"rotation":{"x":0.2005581557750702,"y":-0.18045899271965028,"z":0.03761279210448265,"w":0.9621710777282715},"size":26.557430267333986,"orthographic":false}