{"cameraMode":{"drawMode":0,"name":"Shaded","section":"Shading Mode"},"sceneLighting":true,"audioPlay":false,"sceneViewState":{"m_AlwaysRefresh":false,"showFog":true,"showSkybox":true,"showFlares":true,"showImageEffects":true,"showParticleSystems":true,"showVisualEffectGraphs":true,"m_FxEnabled":true},"in2DMode":false,"pivot":{"x":-0.16762769222259522,"y":0.5957306027412415,"z":0.05511569231748581},"rotation":{"x":-0.04770740866661072,"y":0.9194253087043762,"z":-0.11786609143018723,"w":-0.3721458315849304},"size":1.8865540027618409,"orthographic":false}