{"cameraMode":{"drawMode":0,"name":"Shaded","section":"Shading Mode"},"sceneLighting":true,"audioPlay":false,"sceneViewState":{"m_AlwaysRefresh":false,"showFog":true,"showSkybox":true,"showFlares":true,"showImageEffects":true,"showParticleSystems":true,"showVisualEffectGraphs":true,"m_FxEnabled":true},"in2DMode":false,"pivot":{"x":-61.120399475097659,"y":94.64405822753906,"z":22.527408599853517},"rotation":{"x":0.3381681740283966,"y":-0.013550536707043648,"z":0.004865214694291353,"w":0.9409946799278259},"size":195.43418884277345,"orthographic":true}