{"cameraMode":{"drawMode":0,"name":"Shaded","section":"Shading Mode"},"sceneLighting":true,"audioPlay":false,"sceneViewState":{"m_AlwaysRefresh":false,"showFog":true,"showSkybox":true,"showFlares":true,"showImageEffects":true,"showParticleSystems":true,"showVisualEffectGraphs":true,"m_FxEnabled":true},"in2DMode":false,"pivot":{"x":-0.0010529309511184693,"y":0.6007763147354126,"z":0.03408053517341614},"rotation":{"x":0.06558270007371903,"y":-0.9243723750114441,"z":0.18545591831207276,"w":0.32689064741134646},"size":0.7475484609603882,"orthographic":false}