{"cameraMode":{"drawMode":0,"name":"Shaded","section":"Shading Mode"},"sceneLighting":true,"audioPlay":false,"sceneViewState":{"m_AlwaysRefresh":false,"showFog":true,"showSkybox":true,"showFlares":true,"showImageEffects":true,"showParticleSystems":true,"showVisualEffectGraphs":true,"m_FxEnabled":true},"in2DMode":false,"pivot":{"x":-0.16762769222259522,"y":0.5957306027412415,"z":0.05511569231748581},"rotation":{"x":-0.053420983254909518,"y":0.9465697407722473,"z":-0.22713176906108857,"w":-0.22263173758983613},"size":15.668309211730957,"orthographic":false}