{"cameraMode":{"drawMode":0,"name":"Shaded","section":"Shading Mode"},"sceneLighting":true,"audioPlay":false,"sceneViewState":{"m_AlwaysRefresh":false,"showFog":true,"showSkybox":true,"showFlares":true,"showImageEffects":true,"showParticleSystems":true,"showVisualEffectGraphs":true,"m_FxEnabled":true},"in2DMode":false,"pivot":{"x":-135.65875244140626,"y":-11.169387817382813,"z":141.3880615234375},"rotation":{"x":0.1427767127752304,"y":-0.11817821115255356,"z":0.017163321375846864,"w":0.9825518727302551},"size":51.053497314453128,"orthographic":false}