{"cameraMode":{"drawMode":0,"name":"Shaded","section":"Shading Mode"},"sceneLighting":true,"audioPlay":false,"sceneViewState":{"m_AlwaysRefresh":false,"showFog":true,"showSkybox":true,"showFlares":true,"showImageEffects":true,"showParticleSystems":true,"showVisualEffectGraphs":true,"m_FxEnabled":true},"in2DMode":false,"pivot":{"x":-0.2799304127693176,"y":0.36145466566085818,"z":0.16555705666542054},"rotation":{"x":0.028021011501550676,"y":0.8883415460586548,"z":-0.054701998829841617,"w":0.4550515115261078},"size":0.6051279306411743,"orthographic":true}