{"cameraMode":{"drawMode":0,"name":"Shaded","section":"Shading Mode"},"sceneLighting":true,"audioPlay":false,"sceneViewState":{"m_AlwaysRefresh":false,"showFog":true,"showSkybox":true,"showFlares":true,"showImageEffects":true,"showParticleSystems":true,"showVisualEffectGraphs":true,"m_FxEnabled":true},"in2DMode":false,"pivot":{"x":-0.027558952569961549,"y":0.24823257327079774,"z":1.0924652814865113},"rotation":{"x":0.0018657163018360735,"y":-0.9685388207435608,"z":0.007264150306582451,"w":0.2487516701221466},"size":0.8587490320205689,"orthographic":false}