{"cameraMode":{"drawMode":0,"name":"Shaded","section":"Shading Mode"},"sceneLighting":true,"audioPlay":false,"sceneViewState":{"m_AlwaysRefresh":false,"showFog":true,"showSkybox":true,"showFlares":true,"showImageEffects":true,"showParticleSystems":true,"showVisualEffectGraphs":true,"m_FxEnabled":true},"in2DMode":false,"pivot":{"x":-16.11307716369629,"y":154.78562927246095,"z":35.381107330322269},"rotation":{"x":0.24606886506080628,"y":-0.053179781883955,"z":0.013518638908863068,"w":0.9677171111106873},"size":195.43418884277345,"orthographic":true}