{"cameraMode":{"drawMode":0,"name":"Shaded","section":"Shading Mode"},"sceneLighting":true,"audioPlay":false,"sceneViewState":{"m_AlwaysRefresh":false,"showFog":true,"showSkybox":true,"showFlares":true,"showImageEffects":true,"showParticleSystems":true,"showVisualEffectGraphs":true,"m_FxEnabled":true},"in2DMode":false,"pivot":{"x":-19.34793472290039,"y":191.24618530273438,"z":-218.93423461914063},"rotation":{"x":0.08090877532958985,"y":-0.006876763887703419,"z":0.0005578006966970861,"w":0.9966838955879211},"size":399.63726806640627,"orthographic":true}