{"cameraMode":{"drawMode":0,"name":"Shaded","section":"Shading Mode"},"sceneLighting":true,"audioPlay":false,"sceneViewState":{"m_AlwaysRefresh":false,"showFog":true,"showSkybox":true,"showFlares":true,"showImageEffects":true,"showParticleSystems":true,"showVisualEffectGraphs":true,"m_FxEnabled":true},"in2DMode":false,"pivot":{"x":0.0593772754073143,"y":0.04609350487589836,"z":0.34595155715942385},"rotation":{"x":0.023156633600592614,"y":0.7407913208007813,"z":-0.025565234944224359,"w":0.6708590984344482},"size":0.6842699646949768,"orthographic":true}