{"cameraMode":{"drawMode":0,"name":"Shaded","section":"Shading Mode"},"sceneLighting":true,"audioPlay":false,"sceneViewState":{"m_AlwaysRefresh":false,"showFog":true,"showSkybox":true,"showFlares":true,"showImageEffects":true,"showParticleSystems":true,"showVisualEffectGraphs":true,"m_FxEnabled":true},"in2DMode":false,"pivot":{"x":-0.2932015359401703,"y":0.22202736139297486,"z":0.823436439037323},"rotation":{"x":0.013822752982378006,"y":0.9845911264419556,"z":-0.09183192998170853,"w":0.14820080995559693},"size":0.32654833793640139,"orthographic":true}