{"cameraMode":{"drawMode":0,"name":"Shaded","section":"Shading Mode"},"sceneLighting":true,"audioPlay":false,"sceneViewState":{"m_AlwaysRefresh":false,"showFog":true,"showSkybox":true,"showFlares":true,"showImageEffects":true,"showParticleSystems":true,"showVisualEffectGraphs":true,"m_FxEnabled":true},"in2DMode":false,"pivot":{"x":25.077579498291017,"y":59.74271774291992,"z":-21.18665313720703},"rotation":{"x":0.21595656871795655,"y":-0.11801310628652573,"z":0.026295771822333337,"w":0.9689098000526428},"size":122.33708953857422,"orthographic":false}