{"cameraMode":{"drawMode":0,"name":"Shaded","section":"Shading Mode"},"sceneLighting":true,"audioPlay":false,"sceneViewState":{"m_AlwaysRefresh":false,"showFog":true,"showSkybox":true,"showFlares":true,"showImageEffects":true,"showParticleSystems":true,"showVisualEffectGraphs":true,"m_FxEnabled":true},"in2DMode":false,"pivot":{"x":-0.22261923551559449,"y":0.3644444942474365,"z":0.18341724574565888},"rotation":{"x":0.06262876838445664,"y":-0.8197523355484009,"z":0.09136808663606644,"w":0.5619043707847595},"size":1.1139636039733887,"orthographic":false}