{"cameraMode":{"drawMode":0,"name":"Shaded","section":"Shading Mode"},"sceneLighting":true,"audioPlay":false,"sceneViewState":{"m_AlwaysRefresh":false,"showFog":true,"showSkybox":true,"showFlares":true,"showImageEffects":true,"showParticleSystems":true,"showVisualEffectGraphs":true,"m_FxEnabled":true},"in2DMode":false,"pivot":{"x":0.04934168606996536,"y":0.14373645186424256,"z":0.8234191536903381},"rotation":{"x":0.11661378294229508,"y":0.3697282671928406,"z":-0.04683393985033035,"w":0.9206035137176514},"size":0.3782842457294464,"orthographic":true}