{"cameraMode":{"drawMode":0,"name":"Shaded","section":"Shading Mode"},"sceneLighting":true,"audioPlay":false,"sceneViewState":{"m_AlwaysRefresh":false,"showFog":true,"showSkybox":true,"showFlares":true,"showImageEffects":true,"showParticleSystems":true,"showVisualEffectGraphs":true,"m_FxEnabled":true},"in2DMode":false,"pivot":{"x":-31.331871032714845,"y":14.668766021728516,"z":5.716373443603516},"rotation":{"x":0.10722265392541886,"y":-0.1021198183298111,"z":0.011067626066505909,"w":0.988930881023407},"size":35.25542068481445,"orthographic":true}