{"cameraMode":{"drawMode":0,"name":"Shaded","section":"Shading Mode"},"sceneLighting":true,"audioPlay":false,"sceneViewState":{"m_AlwaysRefresh":false,"showFog":true,"showSkybox":true,"showFlares":true,"showImageEffects":true,"showParticleSystems":true,"showVisualEffectGraphs":true,"m_FxEnabled":true},"in2DMode":false,"pivot":{"x":128.40614318847657,"y":193.52886962890626,"z":50.41361618041992},"rotation":{"x":0.34194710850715639,"y":-0.15406911075115205,"z":0.056938886642456058,"w":0.9252625703811646},"size":316.6553649902344,"orthographic":true}