{"cameraMode":{"drawMode":0,"name":"Shaded","section":"Shading Mode"},"sceneLighting":true,"audioPlay":false,"sceneViewState":{"m_AlwaysRefresh":false,"showFog":true,"showSkybox":true,"showFlares":true,"showImageEffects":true,"showParticleSystems":true,"showVisualEffectGraphs":true,"m_FxEnabled":true},"in2DMode":false,"pivot":{"x":-0.52933669090271,"y":0.14035825431346894,"z":0.20568539202213288},"rotation":{"x":0.04409294202923775,"y":0.9493143558502197,"z":-0.15514856576919557,"w":0.26979416608810427},"size":0.5718961954116821,"orthographic":false}