{"cameraMode":{"drawMode":0,"name":"Shaded","section":"Shading Mode"},"sceneLighting":true,"audioPlay":false,"sceneViewState":{"showFog":true,"showMaterialUpdate":false,"showSkybox":true,"showFlares":true,"showImageEffects":true,"showParticleSystems":true},"in2DMode":false,"pivot":{"x":77.93014526367188,"y":-154.60635375976563,"z":-88.97421264648438},"rotation":{"x":0.00007949554856168106,"y":0.9644852876663208,"z":-0.26413771510124209,"w":0.00029027779237367213},"size":650.9105834960938,"orthographic":false}