{"cameraMode":{"drawMode":0,"name":"Shaded","section":"Shading Mode"},"sceneLighting":true,"audioPlay":false,"sceneViewState":{"showFog":true,"showMaterialUpdate":false,"showSkybox":true,"showFlares":true,"showImageEffects":true,"showParticleSystems":true},"in2DMode":false,"pivot":{"x":0.036747172474861148,"y":0.838415801525116,"z":0.20423948764801026},"rotation":{"x":-0.00702531635761261,"y":0.9886382818222046,"z":-0.14215347170829774,"w":-0.04867549613118172},"size":1.7800402641296387,"orthographic":false}