{"cameraMode":{"drawMode":0,"name":"Shaded","section":"Shading Mode"},"sceneLighting":true,"audioPlay":false,"sceneViewState":{"showFog":true,"showMaterialUpdate":false,"showSkybox":true,"showFlares":true,"showImageEffects":true,"showParticleSystems":true},"in2DMode":false,"pivot":{"x":0.1494382619857788,"y":0.7537907958030701,"z":-0.2452971488237381},"rotation":{"x":0.11879586428403855,"y":0.6812045574188232,"z":-0.11343006044626236,"w":0.7134292721748352},"size":1.8686251640319825,"orthographic":false}