{"cameraMode":{"drawMode":0,"name":"Shaded","section":"Shading Mode"},"sceneLighting":true,"audioPlay":false,"sceneViewState":{"showFog":true,"showMaterialUpdate":false,"showSkybox":true,"showFlares":true,"showImageEffects":true,"showParticleSystems":true},"in2DMode":false,"pivot":{"x":278.7363586425781,"y":20.98971176147461,"z":109.66989135742188},"rotation":{"x":-0.008747688494622708,"y":0.9808660745620728,"z":-0.18914863467216493,"w":-0.04535123333334923},"size":449.5487365722656,"orthographic":true}