{"cameraMode":{"drawMode":0,"name":"Shaded","section":"Shading Mode"},"sceneLighting":true,"audioPlay":false,"sceneViewState":{"showFog":true,"showMaterialUpdate":false,"showSkybox":true,"showFlares":true,"showImageEffects":true,"showParticleSystems":true},"in2DMode":false,"pivot":{"x":16.356643676757814,"y":1.948462724685669,"z":3.4576191902160646},"rotation":{"x":0.21784545481204987,"y":-0.5441568493843079,"z":0.14884406328201295,"w":0.7964200973510742},"size":17.282377243041993,"orthographic":true}