{"cameraMode":{"drawMode":0,"name":"Shaded","section":"Shading Mode"},"sceneLighting":true,"audioPlay":false,"sceneViewState":{"showFog":true,"showMaterialUpdate":false,"showSkybox":true,"showFlares":true,"showImageEffects":true,"showParticleSystems":true},"in2DMode":false,"pivot":{"x":381.67132568359377,"y":11.0,"z":-111.92716979980469},"rotation":{"x":-0.015105092898011208,"y":-0.9833760261535645,"z":0.15254539251327516,"w":-0.09737979620695114},"size":259.79180908203127,"orthographic":true}