{"cameraMode":{"drawMode":0,"name":"Shaded","section":"Shading Mode"},"sceneLighting":true,"audioPlay":false,"sceneViewState":{"showFog":true,"showMaterialUpdate":false,"showSkybox":true,"showFlares":true,"showImageEffects":true,"showParticleSystems":true},"in2DMode":false,"pivot":{"x":-0.3139317035675049,"y":0.8017333745956421,"z":0.05662452429533005},"rotation":{"x":-0.01287111546844244,"y":0.9871924519538879,"z":-0.10852490365505219,"w":-0.11662754416465759},"size":2.1906802654266359,"orthographic":false}