{"cameraMode":{"drawMode":0,"name":"Shaded","section":"Shading Mode"},"sceneLighting":false,"audioPlay":false,"sceneViewState":{"showFog":true,"showMaterialUpdate":false,"showSkybox":false,"showFlares":true,"showImageEffects":true,"showParticleSystems":true},"in2DMode":false,"pivot":{"x":-0.0010529309511184693,"y":0.6007763147354126,"z":0.03408053517341614},"rotation":{"x":0.04379687458276749,"y":0.9542117714881897,"z":-0.17542842030525208,"w":0.23837780952453614},"size":2.466909885406494,"orthographic":false}