{"cameraMode":{"drawMode":0,"name":"Shaded","section":"Shading Mode"},"sceneLighting":true,"audioPlay":false,"sceneViewState":{"showFog":true,"showMaterialUpdate":false,"showSkybox":true,"showFlares":true,"showImageEffects":true,"showParticleSystems":true},"in2DMode":false,"pivot":{"x":191.5,"y":20.697113037109376,"z":-459.7605285644531},"rotation":{"x":0.311907559633255,"y":-0.29001113772392275,"z":0.10060328245162964,"w":0.8991657495498657},"size":920.0736694335938,"orthographic":true}