{"cameraMode":{"drawMode":0,"name":"Shaded","section":"Shading Mode"},"sceneLighting":true,"audioPlay":false,"sceneViewState":{"showFog":true,"showMaterialUpdate":false,"showSkybox":true,"showFlares":true,"showImageEffects":true,"showParticleSystems":true},"in2DMode":false,"pivot":{"x":0.42371389269828799,"y":0.8964298367500305,"z":0.5509172081947327},"rotation":{"x":0.033680662512779239,"y":-0.5965878367424011,"z":0.025071443989872934,"w":0.8014493584632874},"size":1.1630520820617676,"orthographic":false}