{"cameraMode":{"drawMode":0,"name":"Shaded","section":"Shading Mode"},"sceneLighting":true,"audioPlay":false,"sceneViewState":{"showFog":true,"showMaterialUpdate":false,"showSkybox":true,"showFlares":true,"showImageEffects":true,"showParticleSystems":true},"in2DMode":false,"pivot":{"x":-0.3761698007583618,"y":0.6780798435211182,"z":0.02642051875591278},"rotation":{"x":0.0075331078842282299,"y":0.9860820174217224,"z":-0.15964041650295258,"w":0.04678076505661011},"size":1.5380330085754395,"orthographic":false}