{"cameraMode":{"drawMode":0,"name":"Shaded","section":"Shading Mode"},"sceneLighting":true,"audioPlay":false,"sceneViewState":{"showFog":true,"showMaterialUpdate":false,"showSkybox":true,"showFlares":true,"showImageEffects":true,"showParticleSystems":true},"in2DMode":false,"pivot":{"x":-0.1816902607679367,"y":0.4850405156612396,"z":-0.25492730736732485},"rotation":{"x":-0.045333076268434528,"y":0.9513159394264221,"z":-0.2525613009929657,"w":-0.170754536986351},"size":3.1271002292633058,"orthographic":false}