{"cameraMode":{"drawMode":0,"name":"Shaded","section":"Shading Mode"},"sceneLighting":false,"audioPlay":false,"sceneViewState":{"m_AlwaysRefresh":false,"showFog":true,"showSkybox":false,"showFlares":true,"showImageEffects":true,"showParticleSystems":true,"showVisualEffectGraphs":true,"m_FxEnabled":true},"in2DMode":false,"pivot":{"x":-2.087836265563965,"y":5.2288665771484379,"z":1.6488571166992188},"rotation":{"x":-0.07016942650079727,"y":-0.9254060983657837,"z":0.3061563968658447,"w":-0.21210075914859773},"size":23.766878128051759,"orthographic":true}