{"cameraMode":{"drawMode":0,"name":"Shaded","section":"Shading Mode"},"sceneLighting":false,"audioPlay":false,"sceneViewState":{"m_AlwaysRefresh":false,"showFog":true,"showSkybox":false,"showFlares":true,"showImageEffects":true,"showParticleSystems":true,"showVisualEffectGraphs":true,"m_FxEnabled":true},"in2DMode":false,"pivot":{"x":-0.8100001811981201,"y":5.059999942779541,"z":-0.46000003814697268},"rotation":{"x":0.18208646774291993,"y":-0.32766982913017275,"z":0.06451284885406494,"w":0.9248375296592712},"size":12.521746635437012,"orthographic":true}