{"cameraMode":{"drawMode":0,"name":"Shaded","section":"Shading Mode"},"sceneLighting":false,"audioPlay":false,"sceneViewState":{"m_AlwaysRefresh":false,"showFog":true,"showSkybox":false,"showFlares":true,"showImageEffects":true,"showParticleSystems":true,"showVisualEffectGraphs":true,"m_FxEnabled":true},"in2DMode":false,"pivot":{"x":-0.12562274932861329,"y":2.453474283218384,"z":-2.3202531337738039},"rotation":{"x":-0.03185328468680382,"y":0.9666889309883118,"z":-0.15055333077907563,"w":-0.20452705025672913},"size":8.482268333435059,"orthographic":false}