{"cameraMode":{"drawMode":0,"name":"Shaded","section":"Shading Mode"},"sceneLighting":false,"audioPlay":false,"sceneViewState":{"m_AlwaysRefresh":false,"showFog":true,"showSkybox":false,"showFlares":true,"showImageEffects":true,"showParticleSystems":true,"showVisualEffectGraphs":true,"m_FxEnabled":true},"in2DMode":false,"pivot":{"x":-0.33714210987091067,"y":1.9245158433914185,"z":-0.3164786994457245},"rotation":{"x":-0.009689558297395707,"y":-0.9794373512268066,"z":0.048521749675273898,"w":-0.19558827579021455},"size":2.6389248371124269,"orthographic":false}