{"cameraMode":{"drawMode":0,"name":"Shaded","section":"Shading Mode"},"sceneLighting":false,"audioPlay":false,"sceneViewState":{"m_AlwaysRefresh":false,"showFog":true,"showSkybox":false,"showFlares":true,"showImageEffects":true,"showParticleSystems":true,"showVisualEffectGraphs":true,"m_FxEnabled":true},"in2DMode":false,"pivot":{"x":-0.00003814697265625,"y":10.719551086425782,"z":-0.00000762939453125},"rotation":{"x":0.08979830890893936,"y":-0.6225918531417847,"z":0.07223086804151535,"w":0.7740143537521362},"size":25.017608642578126,"orthographic":false}