{"cameraMode":{"drawMode":0,"name":"Shaded","section":"Shading Mode"},"sceneLighting":false,"audioPlay":false,"sceneViewState":{"m_AlwaysRefresh":false,"showFog":true,"showSkybox":false,"showFlares":true,"showImageEffects":true,"showParticleSystems":true,"showVisualEffectGraphs":true,"m_FxEnabled":true},"in2DMode":false,"pivot":{"x":-0.00003814697265625,"y":10.719551086425782,"z":-0.00000762939453125},"rotation":{"x":0.08033021539449692,"y":-0.9110501408576965,"z":0.2128358781337738,"w":0.3438563346862793},"size":40.59989929199219,"orthographic":false}