{"cameraMode":{"drawMode":0,"name":"Shaded","section":"Shading Mode"},"sceneLighting":false,"audioPlay":false,"sceneViewState":{"m_AlwaysRefresh":false,"showFog":true,"showSkybox":false,"showFlares":true,"showImageEffects":true,"showParticleSystems":true,"showVisualEffectGraphs":true,"m_FxEnabled":true},"in2DMode":false,"pivot":{"x":20.299793243408204,"y":0.2724911570549011,"z":10.995796203613282},"rotation":{"x":-0.021418742835521699,"y":0.9731370210647583,"z":-0.10138548165559769,"w":-0.2055855691432953},"size":3.5660250186920168,"orthographic":false}