{"cameraMode":{"drawMode":0,"name":"Shaded","section":"Shading Mode"},"sceneLighting":false,"audioPlay":false,"sceneViewState":{"m_AlwaysRefresh":false,"showFog":true,"showSkybox":false,"showFlares":true,"showImageEffects":true,"showParticleSystems":true,"showVisualEffectGraphs":true,"m_FxEnabled":true},"in2DMode":false,"pivot":{"x":-4.756778717041016,"y":0.07986330986022949,"z":2.0271146297454836},"rotation":{"x":0.000968366686720401,"y":-0.9794372916221619,"z":0.20170706510543824,"w":0.00469793239608407},"size":4.8198347091674809,"orthographic":true}