{"cameraMode":{"drawMode":0,"name":"Shaded","section":"Shading Mode"},"sceneLighting":false,"audioPlay":false,"sceneViewState":{"m_AlwaysRefresh":false,"showFog":true,"showSkybox":false,"showFlares":true,"showImageEffects":true,"showParticleSystems":true,"showVisualEffectGraphs":true,"m_FxEnabled":true},"in2DMode":false,"pivot":{"x":-0.034945085644721988,"y":0.7589573264122009,"z":0.28012773394584658},"rotation":{"x":0.07964208722114563,"y":-0.7674007415771484,"z":0.09720730781555176,"w":0.6287298202514648},"size":3.496185541152954,"orthographic":true}