{"cameraMode":{"drawMode":0,"name":"Shaded","section":"Shading Mode"},"sceneLighting":false,"audioPlay":false,"sceneViewState":{"m_AlwaysRefresh":false,"showFog":true,"showSkybox":false,"showFlares":true,"showImageEffects":true,"showParticleSystems":true,"showVisualEffectGraphs":true,"m_FxEnabled":true},"in2DMode":false,"pivot":{"x":13.355827331542969,"y":20.19527244567871,"z":-8.504860877990723},"rotation":{"x":0.020205184817314149,"y":-0.9752765893936157,"z":0.19566841423511506,"w":0.10070960968732834},"size":52.842491149902347,"orthographic":false}