{"cameraMode":{"drawMode":0,"name":"Shaded","section":"Shading Mode"},"sceneLighting":false,"audioPlay":false,"sceneViewState":{"m_AlwaysRefresh":false,"showFog":true,"showSkybox":false,"showFlares":true,"showImageEffects":true,"showParticleSystems":true,"showVisualEffectGraphs":true,"m_FxEnabled":true},"in2DMode":false,"pivot":{"x":-0.5240750312805176,"y":5.8795671463012699,"z":2.211973190307617},"rotation":{"x":0.07727101445198059,"y":-0.9154301881790161,"z":0.21241161227226258,"w":0.3330151438713074},"size":13.786576271057129,"orthographic":false}