{"cameraMode":{"drawMode":0,"name":"Shaded","section":"Shading Mode"},"sceneLighting":false,"audioPlay":false,"sceneViewState":{"m_AlwaysRefresh":false,"showFog":true,"showSkybox":false,"showFlares":true,"showImageEffects":true,"showParticleSystems":true,"showVisualEffectGraphs":true,"m_FxEnabled":true},"in2DMode":false,"pivot":{"x":-0.24361225962638856,"y":0.9632313251495361,"z":-0.2547837495803833},"rotation":{"x":0.021597711369395257,"y":-0.9696685075759888,"z":0.22499613463878632,"w":0.09307567030191422},"size":4.253300666809082,"orthographic":false}