{"cameraMode":{"drawMode":0,"name":"Shaded","section":"Shading Mode"},"sceneLighting":false,"audioPlay":false,"sceneViewState":{"m_AlwaysRefresh":false,"showFog":true,"showSkybox":false,"showFlares":true,"showImageEffects":true,"showParticleSystems":true,"showVisualEffectGraphs":true,"m_FxEnabled":true},"in2DMode":false,"pivot":{"x":-0.24361225962638856,"y":0.9632313251495361,"z":-0.2547837495803833},"rotation":{"x":0.05964456498622894,"y":-0.9334139823913574,"z":0.18435856699943543,"w":0.3019835352897644},"size":5.072140216827393,"orthographic":false}