{"cameraMode":{"drawMode":0,"name":"Shaded","section":"Shading Mode"},"sceneLighting":false,"audioPlay":false,"sceneViewState":{"m_AlwaysRefresh":false,"showFog":true,"showSkybox":false,"showFlares":true,"showImageEffects":true,"showParticleSystems":true,"showVisualEffectGraphs":true,"m_FxEnabled":true},"in2DMode":false,"pivot":{"x":0.3419673442840576,"y":4.614241600036621,"z":-0.14390242099761964},"rotation":{"x":0.07844943553209305,"y":-0.9157891869544983,"z":0.21974588930606843,"w":0.3269374966621399},"size":18.83922576904297,"orthographic":false}