{"cameraMode":{"drawMode":0,"name":"Shaded","section":"Shading Mode"},"sceneLighting":false,"audioPlay":false,"sceneViewState":{"m_AlwaysRefresh":false,"showFog":true,"showSkybox":false,"showFlares":true,"showImageEffects":true,"showParticleSystems":true,"showVisualEffectGraphs":true,"m_FxEnabled":true},"in2DMode":false,"pivot":{"x":2.4968271255493166,"y":1.950714111328125,"z":2.4973177909851076},"rotation":{"x":-0.03250444307923317,"y":-0.9656270742416382,"z":0.21036291122436524,"w":-0.14920689165592194},"size":6.788094997406006,"orthographic":false}